HUNDENAME,GEBURTSJAHR_HUND,GESCHLECHT_HUND
Lolli (Geraldine),2008,w
Phoebe vom Wandergut,2013,w
Elliot-Mogli v. Zwärgehüsli,2013,m
Aischa,2000,w
Droopy,2002,m
Cico,2011,m
Allwut,2009,w
James,2003,m
Teddy,2014,m
Oscar,2014,m
Alex,2008,m
Kira,2013,w
Vinny,2007,m
Tenten,2004,w
Manolo,2013,m
Totles,2007,w
Salva,2010,m
Pepita,2012,w
Bobby,2014,m
Tini,2000,w
Pablito,2013,m
Galina (Deni),2010,w
Pixel,2005,w
Luna,2011,w
Luna,2012,w
Truman,2006,m
Rocky,2001,m
Gigi,2009,m
Mimi,2008,w
Gin,2004,m
Trasto,2009,w
Mia,2014,w
Prosciutto,2006,m
Luna,2013,w
Aisha,2001,w
Scooby,2002,w
Beeny,2015,w
Sam (Amuk),2009,m
Ginny,2006,w
Azzy,2012,w
Bonnie,2014,w
Jack,2010,m
Hector-Amie v. Wilden Süden,2012,m
Chester,2013,m
Luna Pizzica,2008,w
Dolly,2013,w
Jamie,2010,m
Keyah,2007,m
Nooga,2009,w
Bonnie,2010,w
Cäp,2001,m
Shadow,2007,m
Charlie,2012,m
Gipsy,2013,w
Lylie,2011,w
Avery,2013,m
Venus,2011,w
Lilly,2004,w
Gemma,2010,w
Romeo,2010,m
Mailo,2010,m
Bonnie (Kremmi),2010,w
Rambo,2014,m
Basho,2005,m
Mahali,2009,w
Vlokje,2004,w
Kara,2009,w
Sirga,2014,w
Tim,2009,m
unbekannt,2014,m
Poba,2011,w
Lucky,2014,m
Falca,2006,w
Sissi,2009,w
Tom,2009,m
Lessko,2014,m
Nina,2007,w
Aiko,2007,w
Nalam,2006,w
Cookie,2006,m
Kyrill,2006,m
Luna,2002,w
Aicko,2004,m
Pepper,2015,w
Lili,2014,w
Valentin (Velcro de Socrettaz),2003,m
Lena,2013,w
Capucina,2013,w
Beny,2006,m
Niki,2008,m
Rocky,2013,m
Nikita,2012,w
Lenox,2009,m
Kira,2001,w
Millie,2008,w
Milly,2002,m
Paul,2005,m
Mops,2008,m
Egin,2002,w
Lupi,2005,w
Bino,2001,m
Quasi-Modo,2012,m
Wega,2011,w
Argo,2007,m
Baballu,2014,w
Chigi,2009,w
Dascha,2004,w
Guido of Whistle Soul,2012,m
Sunny,2013,w
Tessa,2005,w
Bro,2014,m
Eesha,2007,w
Joschi (Hanibal),2013,m
Lady,2005,w
Maira genannt Thais,2004,w
Alisha,2006,w
White Magic Pretty Jewel,2009,w
Coco Chanel,2010,w
Tala Ishani,2013,w
Branco,2014,m
Tammy,2004,w
Kaya,2002,w
Paco,2011,m
Artus,2004,m
Curly Timmy von Happy Season,2009,m
Cicco ll (Pippo),2006,m
Benny,2005,m
Cheyenne,2011,w
Bel Ami,2005,m
Basheera von Camelot,2012,w
Snoopy,2004,w
Lisa,2013,w
Charo,2007,w
Lilly,2009,w
Snoopi,2004,m
Lena,2012,w
Rocco,2006,m
Chico,2014,m
Luna,2013,w
Leeroy,2010,m
Patchuli,2004,w
Blanca,2007,w
Troy,2011,m
Lillifee,2010,w
Trojka,2003,w
Nayla,2013,w
Gino Ginnelli,2005,m
Velia,2011,w
Rocky,2001,m
Ojum (Zuzu),2008,m
Avalon,2006,m
Prince Tyson,2008,m
Chilly,2013,w
Gedeone,2014,m
Brumi,2004,m
Felice,2007,m
Charly,2011,m
Toya,2013,w
Jasper/Jimy Coo,2011,m
Quigley,2011,m
Bobona,2004,w
Gismo,2007,m
Lupo,2011,m
Kaya,2013,w
Vasco,2007,m
Jackson,2014,m
Joyce,2010,w
Lussy,2005,w
Coco,2010,w
Orella,2006,w
Maxi,2004,w
Sporting,2004,m
Blizzard,2014,m
Buebeli (Andi Benji),2004,m
Pezzy Blue,2005,w
E-IMI,2009,w
Yoko Ono,2009,w
Sira,2004,w
Falco,2011,m
Slim (Levenghyl),2011,m
Dagobert,2007,m
Pauli,2009,m
Trilu,2006,m
Rocco,2006,m
Cici,2010,m
Lara,2012,w
Colombo,2004,m
Leone,2013,m
Kelly,2010,w
Wim,2012,m
Zaida,2010,w
Tamo Ba-Tu,2012,m
Nori,2002,w
Hasley,2012,w
Candy,2001,m
Louis Vuitton,2014,m
Chilly,2010,w
Lex Mjoelnir v. Belg. Feuer,2015,m
Weezy,2008,m
Minnie,2009,w
Bubi,2006,m
Nina,1997,w
Happi-Prinz,2011,m
Lumpazi,1999,m
Riki,2007,m
Chica,2007,w
Nica,2009,w
Nero,2012,m
Kim,2006,w
Timi,2010,m
Bonita,2010,w
Corleone,1999,m
Henry,2015,m
Chila,2008,w
Coco,2003,w
Miki,2005,m
Roby,2008,m
Whisky,2002,m
Bony,2003,w
Megi,2012,w
Tikli (Milva),2015,w
Maddox,2005,m
Yvi,2010,w
Coco,2011,w
DJ,2012,m
Moly,2010,w
Rocky,2010,m
Bosco,2005,m
Bady,2004,m
Blacky (Leda),2013,w
Laura,2003,w
Chico,2000,m
Joy,2006,m
Chiara,2006,w
Susy,2014,w
Niko,2010,m
Bubu,2009,m
Ezechiele,2006,m
Lola,2012,w
Bumble Bee,2009,m
Keri (Kerol),2003,m
Massa,2005,w
Piglet,2012,w
Lucky,2004,m
Micky,2011,w
Isis,2013,w
Bibocas,2011,m
Onda la Lupa Beautiful Whites,2012,w
Jagi,2009,m
Happy Vitus,2012,m
Nela,2014,w
Cito,2014,m
Cipollino,2008,m
Tara,2015,w
Ardeshir,2011,m
Taca (Tara),2000,w
Sofia,2014,w
Leonardo,2014,m
Kim,2002,m
Mishka,2011,w
Laila,2011,w
Kiko,2005,m
Mimi,2012,w
Shanti,2011,w
Alebrije,2009,m
Pepsi,2007,w
Coco,2008,m
Largo,2009,m
Maron,2012,m
Lotta,2009,w
Lucky,2015,m
Nanuk,2013,m
Little Malony,2002,m
Tula-Sola,2015,w
Tyson,2012,m
Lucky,2002,m
Suny,2005,m
Bess,2010,w
Taranis,2012,m
Wunder (sparkel),2007,m
Mambo,2012,m
Chicago,2003,m
Brownie,2011,m
Azizza,2005,w
Jenny,1997,w
Bella,2001,w
Puma,2006,w
Perla,2013,w
Gino,2012,m
Kat,2003,m
B'sai,2005,w
Charlie,2006,m
Mora,2010,w
Bonny,2010,w
Candy,2003,w
Sala,2010,w
Cash,2012,m
Streifen,2000,m
Helga,2013,w
Diana,2003,w
Nelson,2006,m
Pinocchio,2011,m
Chanel,2013,w
Favia v. Dorfbach,2009,w
Xenos,2003,m
Jassu,2004,m
Jury,2003,m
Chester,2012,m
Birbi,2006,w
Azzurro,2009,m
Mirco,2001,m
Aki,2014,w
Olaf,2010,m
Sändy (Cindy),2007,w
Kiru (Cartonn des trois G),2007,m
Seppi,2013,m
Lion,2008,m
Enya,2006,w
Gambra,2011,w
PepperMint,2010,w
Dubi,2014,m
Lucky,2000,m
Chica,2011,w
Mimi,2006,w
Jetta,2009,w
Zorro,2007,m
Jamba,2012,w
Kimba,2010,w
Buddy,2000,m
Tamara,2009,w
Billy Kid,2011,w
Artus,2008,m
Piccolino,2004,m
Franky,2006,m
Chiyo,2012,w
Hutch,2006,m
Sophie,2011,w
Minousch,2001,m
Hug me Dark Devil,2003,m
Ya'Lilly (Lilly),2009,w
Chiara,2011,w
Tijuana,2011,w
Lila,2009,w
Max,2010,m
Sascha,2009,w
Schiwa,2009,w
Wilma,2008,w
Gibson,2014,m
Akando-Abucco v. Ritters Glück,2014,m
Sanna,2000,w
Churchill (Maki von Càk),2007,m
Flip,2007,m
Honey Pralina,2012,w
Nike,2001,w
Sheila (Winnie),2005,w
Sumo,2010,m
Molly (Quinta Beata),2010,w
Samson,2012,m
Jinny,2003,w
Chicco,2009,m
Lily,2007,w
Mel de Andrade,2010,w
Mica,2009,w
Dylan (Carlos),2009,m
Lucky Star,2012,m
Puma,2014,m
Frodo,2009,m
Vöri,2004,m
Pinky,2004,m
Sila,2014,w
Rocca,2014,w
Najko,2003,m
Lady Pepper,2005,w
Sheila,2000,w
Blacky,2011,m
Finn,2009,m
Balduin,2014,m
Felix,2007,m
Milka,2004,w
Cindy,2000,w
Jsa,2001,w
Gimli,2012,m
Jule,2007,w
Unia,2012,w
Lula,2002,w
Malibu,2014,m
Schöggeli,2006,w
Chicca,2003,w
Shira,2009,w
Scotty of Black,2011,m
Birba (Queudolin),2008,w
Noé,2013,w
Cachaca,2013,w
Kimba,2010,w
Socke,2012,w
Manoi (Falco),2010,m
Emma,2008,w
Nikki,2006,w
Tiffany,2005,w
Cristal,2008,w
Neo,2014,m
Timi,2000,m
Cador,2003,m
Pitschi,2011,m
Zara,2008,w
Orsan-Balou,2012,m
Gini,2005,w
Rocky,2013,w
Bonita,2010,w
Rio,2007,m
Chorizo,2004,m
Olga,2007,w
Laura,2011,w
Xini,2000,w
Ivy,2013,w
Schako,2005,m
Rocky,2010,m
Llorsa,2005,w
Ingo von Burg Schwärtzenberg,2004,m
Athos,2011,m
Balu (Orion),2014,m
Gipsy,2013,w
Chinina,2002,w
Falco,2010,m
Nala,2012,w
Giada,2010,w
Kassim,2004,m
Shiva,2014,w
Nina,2011,w
Meggi,2015,w
Perla,2002,w
Don,2012,m
Aurora vom Wyhental,2013,w
Merlin,2010,m
Myrtha,2011,w
Dream Boy,2014,m
Calito,2008,m
Lea,2011,w
Argo,2013,m
Milou,2006,w
Lucy,2014,w
Dasenk,2008,w
Atreju (Anpaytoo),2008,m
Speedy,2013,m
Pupetta,2010,w
Kitty,1999,w
Wolf,1999,m
Nola,2014,w
Amira,2013,w
Paris,2011,w
Ruby,2013,m
Lena,2008,w
Simba,2001,m
Irma,2013,w
Emely (Daisy Mae),2013,w
"""Bobby"" Lord Sinclair",2009,m
Ivy,2012,w
Kyra,2013,w
Lucky,2010,m
Chester,2014,m
Mabel,2010,w
Berdus,2004,m
Goma,2006,w
Sheela,2004,w
Coco-Paco,2010,m
Chicco,2008,m
Jerry,2013,m
Fritz,2012,m
Theia,2004,w
Sina,2011,w
Wilma,2004,w
Maggie,2005,w
Linda,2004,w
Pascha,2012,w
Emil Albert,2008,m
Roy,2009,m
Addison,2009,w
Chikka,2009,w
Aaliyah,2011,w
Tina,2015,w
Chaplin,2014,m
Cirillo,2007,m
Dona (Donatella d'Abundo),2008,w
Lucky,2010,m
Scotch (Megan),2005,m
Spelvin,2006,m
Rex,2010,m
Dea,2009,w
True,2004,w
Lucy,2012,w
Forge,2007,m
Charly,2004,m
Frodo,2003,m
Dips de la Pierravoir,2009,m
Bobi,2012,m
Ginger (Nicky),2006,w
Derrick,2014,m
Luba,2008,w
Macchia,2008,m
Dino,2001,m
Bänz (Eros),2010,m
Bida,2008,w
Janosch,2002,m
Definitley Maybe Abs. Charming,2015,m
Igor,2009,m
Jester (Jarod),2007,m
Picasso,2004,m
Kolja,2010,m
Kuma,2005,w
Ueli (Rocky),2008,m
Joy-Roxane,2012,w
Jerry,2013,m
Nayeli,2012,w
Timmy,2002,m
Pablo,2002,m
Fallone,2005,w
Henry,2002,m
Hobbes (Ilan),2015,m
Luna,2004,w
Pero,2010,m
Baika (Bossa),2006,w
Mara,2007,w
Berri,2010,m
Grischa,2005,w
Serafina,2002,w
Shiva,2006,w
Benji,2011,m
Wuschel,2010,w
Speed,2013,m
Abraxa,2007,w
Dost,2010,m
Miro,2013,m
Yax,2001,m
Lucy,2005,w
Enja,2011,w
Rossi,2009,w
Harmonia,2007,w
Daisy,2000,w
Veerle,2014,w
Lucky,2015,m
Gismo Aton v. Graf Toggenburg,2014,m
Lara,2007,w
Ayusha vom Maieriesli,2013,w
Kyra,2005,w
Elsa,2012,w
Dolce,2008,w
Lia (Uliana-Lia),2014,w
Nina,2000,w
Ciccio,2005,m
Pipa,2013,w
Timmy,2009,m
Vitalis,2011,m
Timan,2006,m
Corona,2007,w
Ayla,2011,w
Toto,2003,w
Yoko,2011,m
Bady,2015,m
Xenia,2005,w
Lucky,2002,m
Faolan,2014,m
Dusky,2010,m
Pita,2005,w
Daisy,2004,w
Toddy,2010,m
Chicco,2009,m
Meyga,2007,w
Blanco,2006,m
Kira,2015,w
Busik,2012,m
Awitto,2001,m
Zsebi,2013,m
C'est Ci Bonne,2009,w
Benji,2013,m
Leo,2015,m
Yankee,2007,m
Bianca,2012,w
Biny,2005,m
Oskar,2008,m
Stella,2007,w
Chico,2009,m
Choochoo,2009,w
Dino,2011,m
Daisy  Desirée Rainerschlössel,2011,w
Lee,2006,w
Roky,2013,m
Perla,2011,w
Chibi,2010,w
Muffin,2010,w
LCK' Sky is the Limit aka Doup,2011,m
Lila,2012,w
Jodie (Queen vom Maiengrün),2012,w
Troya,2012,w
Alba,2007,w
Rocky,2001,m
Romeo,2012,m
Ludwig,2005,m
Gucci,2008,w
Luna,2005,w
Clark,2008,m
Xoa,2006,w
Paco,2007,m
Faruk,2009,m
Dani,2000,m
Mont Blanc,2010,m
Key,2003,m
Kay von der Geerenecke,2013,m
Milton,2005,m
Kiro,2012,m
Deisy,2000,w
Vasco,2001,m
Arni,2012,m
Lady,2006,w
Giorgio,2004,m
Lhassa,2004,w
Mia,2013,w
Platon,2011,m
Palma,2013,w
Mangana,2009,w
Shortie,2004,m
Xenia,2010,w
Bingo,2003,m
Luigi,2004,m
Jenny,2011,w
Basti,2007,m
Kato,2013,m
Chelsea,2010,w
Minik,2012,m
Anya,2004,w
Sadie,2004,w
Inouk,2012,m
Kaban,2014,m
Lino (Nan de Sèvery),2002,m
Sandy,2006,w
Joy,2007,w
Adela,2004,w
Geronimo (Yoy),2009,m
Angel,2006,w
Coline,2002,w
Blacky,2011,m
Kajo,2005,m
Ares,2011,m
Foxy,2008,w
Fanta,2010,m
Roxy,2004,w
Areta,2004,w
Joya,2008,w
Ginnie,2012,w
Gaia,2010,w
Eros,2014,m
Farina,2014,w
Sirius (Jonny's Sirius v. ad.),2013,m
Vasco,2010,m
Frieda,2003,w
Minnie,1999,w
Rasbutin,2006,m
Jack,2001,m
Betta,2012,w
Balu,2007,m
Daisy vom Hochmoor,2010,w
Enapay,2008,m
Fly,2006,m
Chuccho,2001,m
Ferdinand,2013,m
Tchin-Tchin,2012,m
Marla,2009,w
Dino,2008,m
Kila,2009,m
Mira,2010,w
Onur,2013,m
Arthur,2009,m
Jumaira's Pensy,2010,w
Smile,2012,m
Harry,2006,m
Sara (Camilla),2010,w
Uso,2012,m
John Wayne,2008,m
Seppli,2004,m
Pepino,2012,m
Queen Kaja of Buffalo Creek,2009,w
Lulu (ehemals Schweppes),2011,w
Sinda,2004,w
Leona,2012,w
Tschita,2013,w
Sweety Liska,2009,w
Martita,2006,w
Cesar,2012,m
Eve-Chloe,2011,w
Jamie,2006,w
Boomer,2014,m
Lotti,2008,w
Gina (Bella),2014,w
Punta,2003,w
Nanook,1998,m
Lulu (White Paw),2008,w
Charly,2012,m
Anna,2013,w
Gin,2007,w
Chibi-Hime of Isamáshii,2006,w
Jeames,2014,m
Jazz,2004,w
Tony,2011,m
Raya,2007,w
Arla,2013,w
Sella,2011,w
Diba,2011,w
Ivar,2004,m
Chico,2004,m
Daisy,2003,w
Thunja,2003,w
Hazel Maggie,2011,w
Zeila,2008,w
Romino,2014,m
Velvet (Viva),2007,w
Pearl,2013,w
Lump,2009,m
Tata,2012,w
Miigo,2010,w
Cinthia,2010,w
Nala,2012,w
Chica,2014,w
Minu,2012,m
Yma,2005,w
Boneca,2014,w
Lola,2009,w
Pongo,2010,m
Suki,2010,w
Jolie (I am Incredible),2009,w
Dika,2011,w
Aaran vom Blauort,2010,m
Snoopy,2013,m
Jerry,2004,m
Tigre,2002,m
Rica,2005,w
Sascha,2006,m
Lotta,2010,w
Scarvi,2014,m
Jill,2013,w
Leo,2004,m
Liro,2012,m
Lara,2005,w
Mikky,2004,m
Nuky,2014,m
Calimero,2010,m
Jana,2011,w
Ari,2006,w
Kaida,2002,w
lamba-Julia,2012,w
Najlah,2010,w
Boulie,2011,w
"King ""Charlie""",2003,m
Chilli,2012,m
Mimi,2001,w
Baxy,2013,m
Lapo,2003,m
Daitan,2014,m
Yoshi,2002,m
Saqui,2012,w
Arthur,2005,m
Pat,2012,m
Luke,2013,m
Lola,2012,w
Diego,2012,m
Artu,2012,m
Finch Hatton Benetton,2009,m
Rocky,2014,m
Pipa,2014,w
Tomi,2015,m
Baschi,2006,m
Herbert,2004,m
Duma,2013,w
Finia von Burg Schwärtzenberg,2012,w
Livi,2013,w
Gino,2014,m
Henry Tudo,2010,m
Lola,2004,w
Luna,2003,w
Jessy,2010,w
Lulu,2011,w
Lhasa,2010,m
Queen,2012,w
Nany,2011,w
Shailia,2008,w
Aika,2004,w
Leila,2002,w
Kenji Go Hanabi,2011,m
Jack,2004,m
Scrappy,2008,w
Monti,2014,m
Lilu,2004,w
Sampha,2014,m
Queeny,2009,w
Taka (Rubin Hachiko),2011,m
Buddy,2009,m
Lady,2001,w
Merkur,2007,m
Winston,2011,m
Jossie,1998,w
Mäx,2005,m
Kiara,2007,w
M for Mississippi,2009,w
Stella,2006,w
Ronny,2005,m
Ocean (Kaleb),2013,m
Sanny,2011,w
Lacky,2009,m
Nemo,2010,m
Bentley,2006,m
Beti,2006,w
Grace (Ginerva),2013,w
Elvis,2011,m
Briciola,2002,w
Arlo,2008,m
Ceca,2006,w
Gino,2012,m
Spazzolina,2002,w
Joya,2007,w
Coco,2007,w
Norka,2002,w
Freya,2014,w
Alec,2003,m
Wilma,2009,w
Momo,2004,m
Tami,2002,m
Carrie,2011,w
Bizou,2012,w
Medor v. Moosmüli,2012,m
Maxime,2009,m
Vitoria,2015,w
Joka (Luzi),2007,w
Huxley,2011,m
Cannelle,2005,w
Cäcilia vom Georgisberg,2012,w
Paco,2013,m
Daska,2010,w
Diego Rivera,2009,m
Casper,2009,m
Sira,2010,w
Faye,2009,w
Mik,1998,m
Angie,1999,w
Taro,2004,m
Varro,2008,m
Lee,2002,m
Niki (Hercule),2004,m
Maylo,2007,m
Kim,2008,w
Siro,2001,m
Finya,2003,w
Nina,2012,w
Dana,2008,w
Janna,2007,w
Nicky,2011,w
Nimrob,2004,m
Simba,2013,m
Nelson,2011,m
Miro,2009,m
Brandy,2000,m
Poldi,2005,m
Lindsay,2009,w
Julon (Jasper-Julon Büffelbo.),2012,m
Molly,2008,w
Buddy,2013,m
Mark,2014,m
Zorro,2006,m
Verdy,2014,m
Pepito,2005,m
Gaia,2015,w
Shana,2004,w
Diva,2008,w
Speedy,2005,m
Rave (Noel),2008,m
Luci,2007,w
Meti,2012,w
Paul,2008,m
Quinn,2014,m
Toro,2003,m
Mickey,2004,m
Wihtney,2008,w
Spilla,2002,w
Kyra,2004,w
Luke,2015,m
Tahona von Mahalanme,2012,w
Linda,2005,w
Boris,2012,m
Stella,2010,w
Kyra,2009,w
Capi,2007,w
Ellie,2013,w
Estrella,2011,w
Duran vom Wolfsstern,2010,m
Liv,2011,w
Jaro (Jérome),2010,m
Diamond,2013,w
Benito,2012,m
Lubaya (Ndoto Yangu Adia),2011,w
Quincy,2002,m
Rex,2001,m
Zippo,2005,m
Bello Erole,2007,m
Cliff,2001,m
Fiasco,2006,m
Bekas,2011,m
Sam,2008,m
Baija,2011,w
Nualan,2009,m
Tobby,2013,m
Nahla Lucy,2011,w
Kora,2003,w
Zunca,2009,w
Jouly,2001,w
Beni,2003,m
Piku,2009,m
Omar,2002,m
Momo,2004,m
Sir Collin-Flash,2010,m
Riki,2013,m
Lucy,2015,w
Meite,2012,w
Lhakyi,2005,m
Cookie (Carla),2012,w
Murphy,2005,m
Neo,2009,m
Scuna el Kaya,2012,w
Mazel,2009,w
Sunny,2014,w
Dusja,2014,w
Top Water Big Ben,2011,m
Ewii (Pickwick Evita),2009,w
Ray,2010,m
Chewy,2013,w
Luna,2013,w
Luna,2008,w
Yoda,2003,m
Jin,2014,m
Ruby,2008,w
Rosalie,2008,w
Prinz,2013,m
Laila (Juwel),2006,w
Princesa,2011,w
Eloa,2014,w
Tricky,1999,w
Somali,2008,w
Aiko,2003,m
Chico,2007,m
Chiara,2004,w
Paris,2010,w
Kory,2014,m
Terry,2012,m
Milky,2010,w
Sheena (Scarlett),2004,w
Lucky,2004,m
Osco,2007,m
Gioia,2000,w
Delia,2009,w
Spike,2011,m
Samba,2006,w
Gina,2003,w
Larissa,2007,w
Joe,2006,m
Bella,2010,w
Snoopy,2014,m
Saskia,2008,w
Aischa,2003,w
Capo v. Studerwilen,2009,m
Jay Jay (Aladin Rasselbande),2011,m
Luna (Fleur),2002,w
Amy,2008,w
Elvis,2004,m
Paco,2010,m
Wicki Custom Smoking Gun,2014,w
Maxli,2005,m
James,2012,m
Hero,2010,m
Filou-Sid,2010,m
Oscar,2013,m
Ella,2010,w
Clooney,2008,m
Darwin,2009,m
Joyce (vom Lacheren),2009,w
Délos,2003,m
Mindy,1998,w
Leonardo,2004,m
Chili,2005,w
Mascha,2008,w
Maelis,2014,w
Henry (Dalmor),2006,m
Beniy (Tofik),2009,m
Cacau (Chubby),2012,m
Boni,2007,w
Lussy,2004,w
Spike,2011,m
Blue (Sola of True Eyes),2013,w
Holly,2008,w
Patmos,2008,m
Tiger Lily v. Winikon,2007,w
Mineo,2011,m
Luna,2010,w
unbekannt,2011,m
Toro,2007,m
Coco,2013,m
Anjo,2014,m
Lucie,2009,w
Cody (Captain Luka High Hopes),2006,m
Paco,2009,m
Tami,2012,w
Ilai,2014,m
Remus,2004,m
Giuggiola,2002,w
Royce,2013,m
Sgilti,2003,m
Darudombi Gyémànt Athos,2003,m
Lupa,2014,w
Lara,2014,w
Milo,2014,m
Zeca,2012,w
Sonic,2004,m
Orissa,2002,w
Julie,2010,w
Finney,2008,w
Struppi (Cliford),2007,m
Rambo,2005,m
Jimmy,2013,m
Lotta,2007,w
Nox von der Wolfsgrube,2009,m
Patchoulli de Soleure,2011,w
Darek,2011,m
Rufo,2014,m
Eros,2013,m
Giuli (Asami),2014,w
Siro,2010,m
Louis,2012,m
Otto,2013,m
Djuni,2010,w
Fina,2014,w
Pepita,2013,w
Pippin,2015,m
Duke,2010,m
Rubina (Lesley),2011,w
Omao Obama v. Fargerit,2012,m
Lisa,2000,w
Tenya,2010,w
Blacky,2013,m
Rocky,2011,m
Djamila,2014,w
Gioia,2004,w
Sailor,2004,m
Roux,2009,w
Bigna,2000,w
Pitucha,2014,w
Sakari Amici per Sempre,2011,m
Isom,2006,w
Gus (Whisky du Dourd),2011,m
Amigo,2000,m
Teddi,2008,m
Belka,2014,w
Chelsey,2010,w
Chocolate,2014,m
Piccola,2014,w
Bobby,2014,m
Eloy,2012,m
Sambi,2009,m
Luna,2004,w
Jennifer,2010,w
Ginger,2009,w
Jazz,2009,m
Toby,2007,m
U'Ciaro,2004,m
Theodor,2006,m
Wiley,2008,m
Stella,2008,w
Diabolo,2005,m
Coco,2008,w
Chester,2012,m
Nora (Eleonora vom Zwärgehüsli,2008,w
Piri,2012,w
Muk (Gringo),2011,m
Bridget,2003,w
Nena,2010,w
Tammy,2003,w
Snoppy,1998,m
Kikas,2003,w
Jimmy,2009,w
Lupus,2006,m
Arco,2004,m
Luna (Josefine),2014,w
Lizzy,2008,w
Nico,2005,m
Nika,2003,w
Mo,2014,m
Fredi (Know How),2007,m
Rolex (Zar vom Alpenland),2014,m
Mia,2008,w
Espo,2003,m
Norman,2008,m
Speedy,2009,m
Speedy,2009,m
Iwa des seigneurs d'orient,2013,w
Helia vom Drumlin Wolf,2011,w
Nara,2005,w
Gromit,2003,m
Anouk vom Leukergrund,2012,w
Baku,2010,m
Camino,2014,m
Missy,2010,w
Orca,2007,w
Seti,2002,w
Dunja von Auenland,2012,w
Sira,2013,w
Yuma,2012,m
Fuchur,2003,m
Sila,2009,w
Persik,2008,w
Amok,2004,m
Alma (Sanel),2012,w
Schiegeli,2008,w
Tina,2008,w
Chiara,2007,w
Betty,2012,w
Tuffo,2005,m
Logan,2014,m
Struppi (Bajka),2010,w
Ira,8,w
Amor,2005,m
Jala,2009,w
Nugi,2005,m
Lady,2007,w
Opal Chloé,2013,w
Gina,2014,w
Beni,2005,w
Blacky,2012,m
Domino,2013,m
Ofelia,2007,w
Lulu,2009,w
Oskar,1998,m
Bär (Tumainia Charming Baer),2012,m
Yanoush vom Hause Amorina,2011,m
Max,2002,m
Miranda,2011,w
Janka,2011,w
Curly,2001,w
Chester,2003,m
Tibbie,2012,m
Kira,2002,w
Neo,2014,m
Tany,2010,w
Yuma (Darca Yuma),2008,w
Mira (Griccia),2012,w
Amira,2009,w
Dada,2009,w
Nanook (Timi vom Engelacher),2009,m
Sunchi,2007,w
Manalua,2012,m
Nerina,2008,w
Sunny,2008,w
Buster,2004,m
Joya,2001,w
Xenia,2008,w
Filou,2010,m
Happy,2005,w
Lunis,2004,m
Mowgly,2001,w
Bhanu,2004,m
Nicki,2006,m
Ivo,2000,m
Ben,2002,m
Laisha,2003,w
Curro,2007,m
Ayk,2004,m
Fey-Felice,2013,w
Ayla,2010,w
Lucy,2003,w
Jnaara,2000,w
Bobi,2012,m
Holly,2008,w
Zappa II,2008,m
Atos,2011,m
Chicca,2009,w
Oliver,2003,m
Abenaki Cayla,2014,w
Achat,2005,m
Henrietta,2006,w
Quincy,2012,m
Toffee,2013,m
Quinto,2008,m
Timmi,2005,m
Inka,2004,w
Saskia,2000,w
Chanelle,2011,w
Una Cara,2012,w
Celaya,2013,w
Cindy,2013,w
Oona,2000,w
Balz 2,2003,m
"Everest First Sir John, Bonito",2010,m
Nelia,2006,w
Harry,2005,m
Chiara,2007,w
Nica,2009,w
Teddy,2009,m
Bobby,2002,m
Lumpi,2001,m
Madurra,2012,w
Luna,2007,w
Bruce,2007,m
Jack,2011,m
Amber,2013,w
Basil,2009,m
Mia,2012,w
Cooper,2013,m
unbekannt,2004,w
Lucky,2010,m
Ory,2011,m
Timmy,2002,m
Argo vom Buechlisberg,2012,m
Jambo (Winston),2014,m
Toyah (I'Toyah),2013,w
Boo,2013,m
Genette Bleue de la Vallée,2010,w
Corin,2007,w
Mylo,2012,m
Gioia,2006,w
Conny,2009,w
Porter,2007,m
Lia,2012,w
Benja,2009,w
Frieda,2011,w
YeiKo,2011,m
Merlin,2014,m
Jamila,2012,w
Lenny,2011,m
Kira,2011,w
Zeus,2008,m
Dino,2002,m
Luna,2009,w
Pituxa,2001,w
Salenta,2007,w
Tobi,2010,m
Sancho,2004,m
Lucy,2009,w
Paco,2001,m
Snow,2010,w
Sedi,2008,m
Pocker,2011,m
Haru,2004,w
Caruso,2000,m
Habano,2007,m
Aira,2004,w
Laura,2002,w
Zaira,2013,w
Nemo,2005,m
Cara,2013,w
Lord,2010,m
Pinki,2008,w
Tandy,2003,m
Eva (Evchen),2002,w
Benjamin,2012,m
Arco,2007,m
Merlin,2003,m
Pufy,2007,w
Ruedi,2008,m
Mascha,2009,w
Nucha,2009,w
Copia,2007,w
Pinot,2012,m
Coca,2006,w
Pippa,2009,w
Rocky,2003,m
Yvi,2013,m
Leny,2013,m
Pari,2015,w
Ques,2003,m
Cinamon,2006,w
Scricc,2004,m
Joy,2006,w
Ninu,2010,m
Cleo,2003,w
Bentley,2014,w
Beluga,2012,w
Leni,2008,w
Ficelle,2010,w
Renzo,2015,m
Rex,2004,m
Baby,2012,w
Nepomuk,2007,m
Polo,2010,m
Lager,2006,w
Bobby,2011,m
Douky (Bejou),2011,m
Boncuk,2010,w
Fonzy,2010,m
Boncuk,2010,w
Bailey,2008,m
Parusch,2005,w
Bolero,2006,m
Raffi,2013,w
Pixie,2009,w
Lady Ringo von Valetscha,2013,w
Pepper,2006,w
Fellini,2004,m
JJ (Jack Junior),2012,m
Momo,2013,w
Boubou,2005,m
Pasu,2014,m
Fritzi,2012,w
Masa,2012,w
Lasco,2000,m
Kayla (Orca-Kira v. Breitland),2015,w
Sunny,2009,m
Mogli,2003,m
Glüna,2008,w
Jacky,2014,m
Luna,2006,w
Filou,2013,m
Ringo,2006,m
Luna,2007,w
Luna,2007,w
Mocca,2006,w
Blacky,2007,m
Aron,2012,m
Rax,2008,m
Nizza,2010,w
Ruby,2014,w
Bobby,2013,m
Bonny,2004,w
Laana,2013,w
Bay,2006,w
Troli,2001,m
Belinda,2014,w
Miro,2004,m
Paco,2010,m
Ouna,2014,w
Muma,2011,w
Sammy,2012,m
Joschy,1998,m
Chicco,2005,m
Beule,2005,m
Chicco,2010,m
Gin,2012,w
Freddie,2011,m
Scotti,2009,m
Zucca,2011,w
Konan,2008,m
Kaya,2010,w
Gina,2005,w
Tosca,2011,w
Uorsa,2012,w
Finette (Bubu),2006,w
Gina,2009,w
Mila,2010,w
Mailo,2014,m
Chiara,2012,w
Milo,2008,m
Freaky,2013,m
Dwayne,2012,m
Pepina,2008,w
Samira,2012,w
Jules,2004,m
Mavra,2010,w
Sheila (Kia),2012,w
Laika,2003,w
Minusch,2010,w
Ballou,2015,m
Quinto,2001,m
Teddy vom Ammeler Forst,2015,w
Filaris,2008,m
Philo,2013,m
Sunny (Sunny Boy),2008,m
Boubou,2002,m
Kellogs Crunch,2002,w
Thor,2007,m
Sophia,2009,w
Frieda,2013,w
Momo (Xyno),2012,m
Jessy,2006,w
Camena,2006,w
Batman,2013,m
Samira,1980,w
Puppi,2010,w
Tschesi,2012,m
Akira-Vidi,2015,w
Sändy,2005,w
Balu,2013,m
Siri,2012,w
Matilda,2002,w
Rexli,1998,m
Luan (Nestory),2013,m
Janni,2003,w
Dido,2005,m
Gonchy,2013,w
Shamun-Erasmus,2007,m
whity (Osmar),2003,m
Penny,2011,w
Laila,2008,w
Frido,2012,m
Bobina,2000,w
